<?xml version="1.0" encoding="UTF-8"?>
<jcr:root xmlns:sling="http://sling.apache.org/jcr/sling/1.0" xmlns:cq="http://www.day.com/jcr/cq/1.0" xmlns:jcr="http://www.jcp.org/jcr/1.0" xmlns:nt="http://www.jcp.org/jcr/nt/1.0"
    jcr:primaryType="cq:Page">
    <jcr:content
        cq:lastModified="{Date}2015-03-12T11:53:34.193+05:30"
        cq:lastModifiedBy="admin"
        jcr:primaryType="nt:unstructured"
        jcr:title="03"
        sling:resourceType="/apps/Bootcamp/component/page/BasePageComponent"
        blogarchive="2015/03"/>
    <kcr_s_pet_projectsg/>
    <_hindalco_confident/>
    <cbi_only_hinted_atp/>
    <hindalco_allocation/>
    <narmada_dues_gujara/>
    <begusarai_girls_get/>
    <no_breakthrough_ine/>
    <bihar_s_energy_need/>
    <parashar_a_soft-spok/>
    <hospitals_liableif/>
    <ecr_set_to_emergeas/>
    <stop_collecting_serv/>
    <times_passion_trail/>
    <sinhala_version_ofd/>
    <list_of_trains_andf/>
    <out_of_coverage_area/>
    <coalgate_summonsso/>
    <delhi_hc_quashesloo/>
    <summons_to_manmhohan/>
    <children_most_neglec/>
    <pm_modi_looks_forwar/>
    <summons_to_manmohan/>
    <gender-based_violenc/>
    <rajnath_singh_will/>
    <pm_modi_visits_ganga/>
    <hc_refuses_to_immedi/>
    <swine_flu_virus_ini/>
    <bjp_s_ram_madhavmee/>
    <hardcore_maoist_foun/>
    <crisis_has_hit_perce/>
    <coalgate_summonsma/>
    <sunanda_pushkar_murd/>
    <former_aap_mla_rajes/>
    <jurists_say_justice/>
    <smriti_irani_shahna/>
    <ram_madhav_meetsmuf/>
    <rahul_gandhi_extends/>
    <corporate_espionage/>
    <lankan_navy_hurlspe/>
    <_x0033__held_for_stealing/>
    <_x0035_0_years_on_no_prom/>
    <sidhu_4_others_from/>
    <government_underfir/>
    <licences_of_20_colon/>
    <shimla_s_ice_skating/>
    <_x0033__class_ix_students/>
    <study_on_rohtangtab/>
    <congress_councillor/>
    <manmohan_s_half_brot/>
    <re-implement_origina/>
    <final_report_likely/>
    <cm_virbhadra_singhs/>
    <patiala_school_owner/>
    <we_have_to_run_area/>
    <lok_sabha_passesrai/>
    <masarat_alam_release/>
    <list_of_trains_andf0/>
    <pm_modi_arrives_inl/>
    <kerala_budget_prese/>
    <india_sri_lanka_sig/>
    <kolkata_s_park_stree/>
    <kolkata_s_park_stree0/>
    <rss_mouthpiece_shows/>
    <rss_says_no_changei/>
    <stop_genocide_ofind/>
    <india_and_us_researc/>
    <sachin_tendulkarspe/>
    <child_marriages_ona/>
    <india_to_extend_vis/>
    <process_on_to_implem/>
    <modi_in_colombo_ann/>
    <_pci_consideringpro/>
    <mob_beats_drunk_man/>
    <rss_mouthpiece_shows0/>
    <sharad_yadav_comment/>
    <sbi_to_turn_downada/>
    <arrest_those_whoupl/>
    <delhi_police_visitr/>
    <eye_on_polls_mamata/>
    <seer_s_fast_forcesg/>
    <sugar_mills_lookfor/>
    <govt_ban_on_ads_tom/>
    <sonia_gandhi_complet/>
    <chopper_scam_ed_to/>
    <ayush_doctors_canco/>
    <bar_code_on_drugpac/>
    <leakgate_2_more_arr/>
    <congress_stalls_budg/>
    <summons_to_manmohan0/>
    <cpi_for_left_unityi/>
    <nsel_scam_ed_attach/>
    <lalu_parries_queryo/>
    <nitish_for_all-party/>
    <_x0036_2_of_military_chop/>
    <land_bill_nitishto/>
    <posts_in_sit_on_blac/>
    <fair_transparente-/>
    <farmers_want_power2/>
    <list_of_trains_andf1/>
    <state_flays_swamyre/>
    <gods_live_in_temples/>
    <cops_at_rahul_s_home/>
    <cop_s_visit_to_rahul/>
    <police_visit_to_rahu/>
    <nandigram_shows_red/>
    <kejriwal_must_stick/>
    <cleric_s_fatwa_can/>
    <land_bill_gave_mesl/>
    <kerala_governor_tow/>
    <kerala_governor_tow0/>
    <it_s_discount_season/>
    <unmasking_the_facema/>
    <one_rank-one_pension/>
    <pakistan_rangersvio/>
    <list_of_trains_andf2/>
    <increase_in_fieldac/>
    <nun_gang-raped_inwe/>
    <govt_plans_to_amend/>
    <muzaffarnagar_riots/>
    <govt_employees_mayg/>
    <all-india_judicials/>
    <nun_gang-raped_inwe0/>
    <udf_ldf_raise_voice/>
    <nun_gang-raped_inwe1/>
    <pakistan_troops_viol/>
    <rs_2_29_crore_billf/>
    <manomhan_singh_ispa/>
    <manmohan_singh_ispa/>
    <on_ls_poll_resultda/>
    <bjp_keeps_principles/>
    <_x0031_0_crore_toiletsto/>
    <teaching_of_bhagavad/>
    <epfo_s_online_provid/>
    <hariyali_gandagi/>
</jcr:root>
