<?xml version="1.0" encoding="UTF-8"?>
<jcr:root xmlns:sling="http://sling.apache.org/jcr/sling/1.0" xmlns:cq="http://www.day.com/jcr/cq/1.0" xmlns:jcr="http://www.jcp.org/jcr/1.0"
    jcr:primaryType="cq:Page">
    <jcr:content
        cq:lastModified="{Date}2015-03-08T16:23:59.299+05:30"
        cq:lastModifiedBy="admin"
        cq:template="/apps/cq-bootcamp/template/indexTemplate"
        jcr:primaryType="cq:PageContent"
        jcr:title="Consumer"
        sling:resourceType="/apps/cq-bootcamp/components/page/index"/>
    <ApplianceRange/>
    <CablesRange/>
    <FansRange/>
    <LightningRange/>
    <PumpRange/>
    <SwitchRange/>
    <SwitchGearRange/>
    <WaterHeatersRange/>
</jcr:root>
