<?xml version="1.0" encoding="UTF-8"?>
<jcr:root xmlns:sling="http://sling.apache.org/jcr/sling/1.0" xmlns:cq="http://www.day.com/jcr/cq/1.0" xmlns:jcr="http://www.jcp.org/jcr/1.0" xmlns:nt="http://www.jcp.org/jcr/nt/1.0"
    jcr:primaryType="cq:Page">
    <jcr:content
        cq:lastModified="{Date}2015-03-20T14:20:17.855+05:30"
        cq:lastModifiedBy="admin"
        cq:template="/apps/cq-bootcamp/template/indexTemplate"
        jcr:primaryType="cq:PageContent"
        jcr:title="Index Page"
        sling:resourceType="/apps/cq-bootcamp/components/page/index">
        <HeroCarouselContainerParsys
            jcr:primaryType="nt:unstructured"
            sling:resourceType="foundation/components/parsys">
            <carouselherocontaine
                jcr:created="{Date}2015-03-20T14:15:50.642+05:30"
                jcr:createdBy="admin"
                jcr:lastModified="{Date}2015-03-20T14:15:55.570+05:30"
                jcr:lastModifiedBy="admin"
                jcr:primaryType="nt:unstructured"
                sling:resourceType="cq-bootcamp/components/content/body/carouselHeroContainer"
                slides="2"/>
        </HeroCarouselContainerParsys>
        <Master_x0020_Parsys
            jcr:primaryType="nt:unstructured"
            sling:resourceType="foundation/components/parsys">
            <colctrl
                jcr:created="{Date}2015-03-20T14:16:51.292+05:30"
                jcr:createdBy="admin"
                jcr:lastModified="{Date}2015-03-20T14:19:18.960+05:30"
                jcr:lastModifiedBy="admin"
                jcr:primaryType="nt:unstructured"
                sling:resourceType="foundation/components/parsys/colctrl"
                layout="2;cq-colctrl-lt0"/>
            <carouselcardrowconta
                jcr:created="{Date}2015-03-20T14:19:30.168+05:30"
                jcr:createdBy="admin"
                jcr:lastModified="{Date}2015-03-20T14:19:34.562+05:30"
                jcr:lastModifiedBy="admin"
                jcr:primaryType="nt:unstructured"
                sling:resourceType="cq-bootcamp/components/content/body/carouselCardrowContainer"
                slides="3"/>
            <col_break14268413589630
                jcr:primaryType="nt:unstructured"
                sling:resourceType="foundation/components/parsys/colctrl"
                controlType="break"/>
            <customimage
                jcr:created="{Date}2015-03-20T14:19:39.896+05:30"
                jcr:createdBy="admin"
                jcr:lastModified="{Date}2015-03-20T14:19:39.896+05:30"
                jcr:lastModifiedBy="admin"
                jcr:primaryType="nt:unstructured"
                sling:resourceType="cq-bootcamp/components/content/body/customImage"/>
            <col_end14268412112950
                jcr:primaryType="nt:unstructured"
                sling:resourceType="foundation/components/parsys/colctrl"
                controlType="end"/>
            <carouselhpcarouselbg
                jcr:created="{Date}2015-03-20T14:17:36.065+05:30"
                jcr:createdBy="admin"
                jcr:lastModified="{Date}2015-03-20T14:17:41.287+05:30"
                jcr:lastModifiedBy="admin"
                jcr:primaryType="nt:unstructured"
                sling:resourceType="cq-bootcamp/components/content/body/carouselHpCarouselBgContainer"
                slides="3"/>
            <imagebackground
                jcr:created="{Date}2015-03-20T14:17:58.776+05:30"
                jcr:createdBy="admin"
                jcr:lastModified="{Date}2015-03-20T14:17:58.776+05:30"
                jcr:lastModifiedBy="admin"
                jcr:primaryType="nt:unstructured"
                sling:resourceType="cq-bootcamp/components/content/body/imageBackground"/>
            <statistics
                jcr:created="{Date}2015-03-20T14:18:10.563+05:30"
                jcr:createdBy="admin"
                jcr:lastModified="{Date}2015-03-20T14:18:10.563+05:30"
                jcr:lastModifiedBy="admin"
                jcr:primaryType="nt:unstructured"
                sling:resourceType="cq-bootcamp/components/content/body/statistics"/>
            <colctrl_0
                jcr:created="{Date}2015-03-20T14:18:17.349+05:30"
                jcr:createdBy="admin"
                jcr:lastModified="{Date}2015-03-20T14:19:49.760+05:30"
                jcr:lastModifiedBy="admin"
                jcr:primaryType="nt:unstructured"
                sling:resourceType="foundation/components/parsys/colctrl"
                layout="2;cq-colctrl-lt0"/>
            <settings
                jcr:created="{Date}2015-03-20T14:20:17.854+05:30"
                jcr:createdBy="admin"
                jcr:lastModified="{Date}2015-03-20T14:20:17.854+05:30"
                jcr:lastModifiedBy="admin"
                jcr:primaryType="nt:unstructured"
                sling:resourceType="cq-bootcamp/components/content/body/settings"/>
            <col_break14268413897640
                jcr:primaryType="nt:unstructured"
                sling:resourceType="foundation/components/parsys/colctrl"
                controlType="break"/>
            <newsfeed
                jcr:created="{Date}2015-03-20T14:20:01.673+05:30"
                jcr:createdBy="admin"
                jcr:lastModified="{Date}2015-03-20T14:20:01.673+05:30"
                jcr:lastModifiedBy="admin"
                jcr:primaryType="nt:unstructured"
                sling:resourceType="cq-bootcamp/components/content/body/newsFeed"/>
            <col_end14268412973530
                jcr:primaryType="nt:unstructured"
                sling:resourceType="foundation/components/parsys/colctrl"
                controlType="end"/>
        </Master_x0020_Parsys>
    </jcr:content>
    <consumer/>
    <Industrial/>
    <ExperienceZone/>
    <IntelliConnect/>
    <AboutUS/>
</jcr:root>
